{
    "accuracy": 0.8809176984705025,
    "precision": 0.4738400789733465,
    "recall": 0.5172413793103449,
    "f1": 0.4945904173106646,
    "roc_auc": 0.7934701371526959,
    "confusion_matrix": [
        [
            6777,
            533
        ],
        [
            448,
            480
        ]
    ],
    "optimal_threshold": 0.7175399115457725,
    "train_f1_at_optimal_threshold": 0.4656180943715066
}