{
    "accuracy": 0.8747268754552076,
    "precision": 0.4548611111111111,
    "recall": 0.5646551724137931,
    "f1": 0.5038461538461538,
    "roc_auc": 0.7981312502948251,
    "confusion_matrix": [
        [
            6682,
            628
        ],
        [
            404,
            524
        ]
    ],
    "classification_report": {
        "no": {
            "precision": 0.9429861699125035,
            "recall": 0.9140902872777018,
            "f1-score": 0.928313420394554,
            "support": 7310.0
        },
        "yes": {
            "precision": 0.4548611111111111,
            "recall": 0.5646551724137931,
            "f1-score": 0.5038461538461538,
            "support": 928.0
        },
        "accuracy": 0.8747268754552076,
        "macro avg": {
            "precision": 0.6989236405118073,
            "recall": 0.7393727298457475,
            "f1-score": 0.7160797871203539,
            "support": 8238.0
        },
        "weighted avg": {
            "precision": 0.8879995160441262,
            "recall": 0.8747268754552076,
            "f1-score": 0.8804977341409833,
            "support": 8238.0
        }
    },
    "optimal_threshold": 0.6768607763628527,
    "train_f1_at_optimal_threshold": 0.4807529866055268,
    "baselines": {
        "majority": {
            "accuracy": 0.8873512988589464,
            "precision": 0.0,
            "recall": 0.0,
            "f1": 0.0
        },
        "random": {
            "accuracy": 0.8006797766448167,
            "precision": 0.10421286031042129,
            "recall": 0.10129310344827586,
            "f1": 0.10273224043715846
        },
        "positive_rate": 0.11265553869499241
    },
    "lift": {
        "top_10pct": {
            "rate": 0.503037667071689,
            "lift": 4.465543428164411,
            "cutoff": 823
        },
        "top_20pct": {
            "rate": 0.3588342440801457,
            "lift": 3.185427265875259,
            "cutoff": 1647
        },
        "base_rate": 0.11264870114105366
    }
}