{
    "accuracy": 0.8968196164117505,
    "precision": 0.5459905660377359,
    "recall": 0.4989224137931034,
    "f1": 0.5213963963963963,
    "roc_auc": 0.8110488702297278,
    "confusion_matrix": [
        [
            6925,
            385
        ],
        [
            465,
            463
        ]
    ],
    "classification_report": {
        "no": {
            "precision": 0.9370771312584574,
            "recall": 0.9473324213406292,
            "f1-score": 0.9421768707482994,
            "support": 7310.0
        },
        "yes": {
            "precision": 0.5459905660377359,
            "recall": 0.4989224137931034,
            "f1-score": 0.5213963963963963,
            "support": 928.0
        },
        "accuracy": 0.8968196164117505,
        "macro avg": {
            "precision": 0.7415338486480967,
            "recall": 0.7231274175668663,
            "f1-score": 0.7317866335723479,
            "support": 8238.0
        },
        "weighted avg": {
            "precision": 0.8930217376526272,
            "recall": 0.8968196164117505,
            "f1-score": 0.8947764968470411,
            "support": 8238.0
        }
    },
    "optimal_threshold": 0.7264632250723889,
    "train_f1_at_optimal_threshold": 0.5669158087716825,
    "baselines": {
        "majority": {
            "accuracy": 0.8873512988589464,
            "precision": 0.0,
            "recall": 0.0,
            "f1": 0.0
        },
        "random": {
            "accuracy": 0.8006797766448167,
            "precision": 0.10421286031042129,
            "recall": 0.10129310344827586,
            "f1": 0.10273224043715846
        },
        "positive_rate": 0.11265553869499241
    },
    "lift": {
        "top_10pct": {
            "rate": 0.5479951397326853,
            "lift": 4.864637889135627,
            "cutoff": 823
        },
        "top_20pct": {
            "rate": 0.37522768670309653,
            "lift": 3.3309543998492557,
            "cutoff": 1647
        },
        "base_rate": 0.11264870114105366
    },
    "target_thresholds": {
        "target": 0.65,
        "recall_threshold": 0.020280798272140226,
        "recall_threshold_precision": 0.11266237707903363,
        "recall_threshold_recall": 1.0,
        "precision_threshold": 0.8239502083984365,
        "precision_threshold_precision": 0.6509433962264151,
        "precision_threshold_recall": 0.2974137931034483
    }
}